id_a,id_b,flow_ab,xa,ya,xb,yb,flow_ba
Zürich,Bern,1673,963577.9256428452,6010540.039013593,848944.7423005573,5913827.7381231645,2097
Zürich,Lucerne,1017,963577.9256428452,6010540.039013593,903672.1954563438,5953394.299862124,1530
Zürich,Uri,84,963577.9256428452,6010540.039013593,960415.8152588962,5905544.698186653,110
Zürich,Schwyz,1704,963577.9256428452,6010540.039013593,975335.8955535906,5952571.893657682,1428
Zürich,Obwalden,70,963577.9256428452,6010540.039013593,917704.7625825251,5918015.449310717,107
Zürich,Nidwalden,94,963577.9256428452,6010540.039013593,936302.604938463,5930028.001069414,132
Zürich,Glarus,250,963577.9256428452,6010540.039013593,1009174.4247908473,5938930.731621181,268
Zürich,Zug,1246,963577.9256428452,6010540.039013593,950539.9948561124,5968464.518146509,1218
Zürich,Fribourg,173,963577.9256428452,6010540.039013593,787775.0023574454,5896584.549930366,267
Zürich,Solothurn,547,963577.9256428452,6010540.039013593,850869.423476224,5992406.640604626,636
Zürich,Basel-Stadt,540,963577.9256428452,6010540.039013593,847705.9893533889,6034965.4912480395,808
Zürich,Basel-Landschaft,409,963577.9256428452,6010540.039013593,857882.2967038036,6016706.592630512,573
Zürich,Schaffhausen,996,963577.9256428452,6010540.039013593,956268.4487359578,6060289.10004496,970
Zürich,Appenzell Ausserrhoden,167,963577.9256428452,6010540.039013593,1043208.5052783317,6002313.718501874,263
Zürich,Appenzell Innerrhoden,50,963577.9256428452,6010540.039013593,1048263.5628800367,5994104.9908182565,39
Zürich,Sankt Gallen,2444,963577.9256428452,6010540.039013593,1031682.3458421695,5979640.490512004,3327
Zürich,Graubünden,987,963577.9256428452,6010540.039013593,1071947.3477250743,5886586.387826267,1375
Zürich,Aargau,6143,963577.9256428452,6010540.039013593,908261.8459321136,6009462.278535884,4546
Zürich,Thurgau,2475,963577.9256428452,6010540.039013593,1014401.9688154717,6035170.849313236,2285
Zürich,Ticino,445,963577.9256428452,6010540.039013593,980531.5751880938,5828370.216423506,877
Zürich,Vaud,511,963577.9256428452,6010540.039013593,741259.7292966436,5872564.267621975,820
Zürich,Valais,179,963577.9256428452,6010540.039013593,847350.381217968,5814446.772378747,319
Zürich,Neuchâtel,58,963577.9256428452,6010540.039013593,755015.2603519754,5941653.985079498,115
Zürich,Genève,226,963577.9256428452,6010540.039013593,682782.1127196179,5815843.944762665,481
Zürich,Jura,27,963577.9256428452,6010540.039013593,796768.7545341233,5999875.050249346,38
Bern,Basel-Stadt,324,848944.7423005573,5913827.7381231645,847705.9893533889,6034965.4912480395,416
Bern,Basel-Landschaft,347,848944.7423005573,5913827.7381231645,857882.2967038036,6016706.592630512,443
Bern,Appenzell Ausserrhoden,23,848944.7423005573,5913827.7381231645,1043208.5052783317,6002313.718501874,50
Bern,Appenzell Innerrhoden,7,848944.7423005573,5913827.7381231645,1048263.5628800367,5994104.9908182565,12
Bern,Aargau,1124,848944.7423005573,5913827.7381231645,908261.8459321136,6009462.278535884,1160
Lucerne,Bern,899,903672.1954563438,5953394.299862124,848944.7423005573,5913827.7381231645,815
Lucerne,Glarus,30,903672.1954563438,5953394.299862124,1009174.4247908473,5938930.731621181,25
Lucerne,Fribourg,50,903672.1954563438,5953394.299862124,787775.0023574454,5896584.549930366,55
Lucerne,Basel-Stadt,143,903672.1954563438,5953394.299862124,847705.9893533889,6034965.4912480395,146
Lucerne,Basel-Landschaft,112,903672.1954563438,5953394.299862124,857882.2967038036,6016706.592630512,187
Lucerne,Appenzell Ausserrhoden,17,903672.1954563438,5953394.299862124,1043208.5052783317,6002313.718501874,31
Lucerne,Appenzell Innerrhoden,2,903672.1954563438,5953394.299862124,1048263.5628800367,5994104.9908182565,10
Lucerne,Graubünden,148,903672.1954563438,5953394.299862124,1071947.3477250743,5886586.387826267,240
Lucerne,Aargau,1512,903672.1954563438,5953394.299862124,908261.8459321136,6009462.278535884,1372
Lucerne,Genève,24,903672.1954563438,5953394.299862124,682782.1127196179,5815843.944762665,23
Lucerne,Jura,9,903672.1954563438,5953394.299862124,796768.7545341233,5999875.050249346,3
Uri,Bern,40,960415.8152588962,5905544.698186653,848944.7423005573,5913827.7381231645,33
Uri,Lucerne,108,960415.8152588962,5905544.698186653,903672.1954563438,5953394.299862124,122
Uri,Schwyz,94,960415.8152588962,5905544.698186653,975335.8955535906,5952571.893657682,102
Uri,Obwalden,30,960415.8152588962,5905544.698186653,917704.7625825251,5918015.449310717,31
Uri,Nidwalden,29,960415.8152588962,5905544.698186653,936302.604938463,5930028.001069414,58
Uri,Glarus,9,960415.8152588962,5905544.698186653,1009174.4247908473,5938930.731621181,1
Uri,Fribourg,4,960415.8152588962,5905544.698186653,787775.0023574454,5896584.549930366,1
Uri,Solothurn,11,960415.8152588962,5905544.698186653,850869.423476224,5992406.640604626,9
Uri,Basel-Stadt,7,960415.8152588962,5905544.698186653,847705.9893533889,6034965.4912480395,1
Uri,Basel-Landschaft,14,960415.8152588962,5905544.698186653,857882.2967038036,6016706.592630512,2
Uri,Schaffhausen,1,960415.8152588962,5905544.698186653,956268.4487359578,6060289.10004496,2
Uri,Appenzell Ausserrhoden,0,960415.8152588962,5905544.698186653,1043208.5052783317,6002313.718501874,2
Uri,Appenzell Innerrhoden,1,960415.8152588962,5905544.698186653,1048263.5628800367,5994104.9908182565,0
Uri,Sankt Gallen,26,960415.8152588962,5905544.698186653,1031682.3458421695,5979640.490512004,9
Uri,Graubünden,34,960415.8152588962,5905544.698186653,1071947.3477250743,5886586.387826267,24
Uri,Aargau,31,960415.8152588962,5905544.698186653,908261.8459321136,6009462.278535884,21
Uri,Thurgau,10,960415.8152588962,5905544.698186653,1014401.9688154717,6035170.849313236,7
Uri,Ticino,6,960415.8152588962,5905544.698186653,980531.5751880938,5828370.216423506,22
Uri,Neuchâtel,1,960415.8152588962,5905544.698186653,755015.2603519754,5941653.985079498,2
Uri,Genève,1,960415.8152588962,5905544.698186653,682782.1127196179,5815843.944762665,0
Uri,Jura,0,960415.8152588962,5905544.698186653,796768.7545341233,5999875.050249346,0
Schwyz,Bern,123,975335.8955535906,5952571.893657682,848944.7423005573,5913827.7381231645,129
Schwyz,Lucerne,507,975335.8955535906,5952571.893657682,903672.1954563438,5953394.299862124,452
Schwyz,Obwalden,29,975335.8955535906,5952571.893657682,917704.7625825251,5918015.449310717,26
Schwyz,Nidwalden,40,975335.8955535906,5952571.893657682,936302.604938463,5930028.001069414,45
Schwyz,Glarus,129,975335.8955535906,5952571.893657682,1009174.4247908473,5938930.731621181,141
Schwyz,Fribourg,7,975335.8955535906,5952571.893657682,787775.0023574454,5896584.549930366,11
Schwyz,Basel-Stadt,33,975335.8955535906,5952571.893657682,847705.9893533889,6034965.4912480395,44
Schwyz,Basel-Landschaft,21,975335.8955535906,5952571.893657682,857882.2967038036,6016706.592630512,50
Schwyz,Schaffhausen,18,975335.8955535906,5952571.893657682,956268.4487359578,6060289.10004496,26
Schwyz,Appenzell Ausserrhoden,14,975335.8955535906,5952571.893657682,1043208.5052783317,6002313.718501874,11
Schwyz,Appenzell Innerrhoden,9,975335.8955535906,5952571.893657682,1048263.5628800367,5994104.9908182565,9
Schwyz,Sankt Gallen,497,975335.8955535906,5952571.893657682,1031682.3458421695,5979640.490512004,561
Schwyz,Graubünden,129,975335.8955535906,5952571.893657682,1071947.3477250743,5886586.387826267,115
Schwyz,Aargau,330,975335.8955535906,5952571.893657682,908261.8459321136,6009462.278535884,264
Schwyz,Neuchâtel,10,975335.8955535906,5952571.893657682,755015.2603519754,5941653.985079498,4
Schwyz,Genève,13,975335.8955535906,5952571.893657682,682782.1127196179,5815843.944762665,44
Schwyz,Jura,3,975335.8955535906,5952571.893657682,796768.7545341233,5999875.050249346,0
Obwalden,Bern,101,917704.7625825251,5918015.449310717,848944.7423005573,5913827.7381231645,85
Obwalden,Lucerne,344,917704.7625825251,5918015.449310717,903672.1954563438,5953394.299862124,282
Obwalden,Nidwalden,163,917704.7625825251,5918015.449310717,936302.604938463,5930028.001069414,187
Obwalden,Glarus,2,917704.7625825251,5918015.449310717,1009174.4247908473,5938930.731621181,3
Obwalden,Fribourg,6,917704.7625825251,5918015.449310717,787775.0023574454,5896584.549930366,2
Obwalden,Basel-Stadt,7,917704.7625825251,5918015.449310717,847705.9893533889,6034965.4912480395,10
Obwalden,Basel-Landschaft,16,917704.7625825251,5918015.449310717,857882.2967038036,6016706.592630512,20
Obwalden,Appenzell Ausserrhoden,6,917704.7625825251,5918015.449310717,1043208.5052783317,6002313.718501874,5
Obwalden,Appenzell Innerrhoden,1,917704.7625825251,5918015.449310717,1048263.5628800367,5994104.9908182565,2
Obwalden,Graubünden,18,917704.7625825251,5918015.449310717,1071947.3477250743,5886586.387826267,30
Obwalden,Aargau,49,917704.7625825251,5918015.449310717,908261.8459321136,6009462.278535884,69
Obwalden,Neuchâtel,0,917704.7625825251,5918015.449310717,755015.2603519754,5941653.985079498,0
Obwalden,Genève,3,917704.7625825251,5918015.449310717,682782.1127196179,5815843.944762665,2
Obwalden,Jura,0,917704.7625825251,5918015.449310717,796768.7545341233,5999875.050249346,1
Nidwalden,Bern,57,936302.604938463,5930028.001069414,848944.7423005573,5913827.7381231645,40
Nidwalden,Lucerne,519,936302.604938463,5930028.001069414,903672.1954563438,5953394.299862124,506
Nidwalden,Glarus,8,936302.604938463,5930028.001069414,1009174.4247908473,5938930.731621181,1
Nidwalden,Fribourg,10,936302.604938463,5930028.001069414,787775.0023574454,5896584.549930366,4
Nidwalden,Basel-Stadt,13,936302.604938463,5930028.001069414,847705.9893533889,6034965.4912480395,11
Nidwalden,Basel-Landschaft,10,936302.604938463,5930028.001069414,857882.2967038036,6016706.592630512,23
Nidwalden,Appenzell Ausserrhoden,0,936302.604938463,5930028.001069414,1043208.5052783317,6002313.718501874,3
Nidwalden,Appenzell Innerrhoden,0,936302.604938463,5930028.001069414,1048263.5628800367,5994104.9908182565,3
Nidwalden,Graubünden,23,936302.604938463,5930028.001069414,1071947.3477250743,5886586.387826267,13
Nidwalden,Aargau,70,936302.604938463,5930028.001069414,908261.8459321136,6009462.278535884,69
Nidwalden,Neuchâtel,0,936302.604938463,5930028.001069414,755015.2603519754,5941653.985079498,0
Nidwalden,Genève,1,936302.604938463,5930028.001069414,682782.1127196179,5815843.944762665,3
Nidwalden,Jura,2,936302.604938463,5930028.001069414,796768.7545341233,5999875.050249346,0
Glarus,Bern,38,1009174.4247908473,5938930.731621181,848944.7423005573,5913827.7381231645,27
Glarus,Fribourg,8,1009174.4247908473,5938930.731621181,787775.0023574454,5896584.549930366,1
Glarus,Basel-Stadt,4,1009174.4247908473,5938930.731621181,847705.9893533889,6034965.4912480395,6
Glarus,Basel-Landschaft,13,1009174.4247908473,5938930.731621181,857882.2967038036,6016706.592630512,4
Glarus,Appenzell Ausserrhoden,0,1009174.4247908473,5938930.731621181,1043208.5052783317,6002313.718501874,2
Glarus,Appenzell Innerrhoden,3,1009174.4247908473,5938930.731621181,1048263.5628800367,5994104.9908182565,2
Glarus,Aargau,84,1009174.4247908473,5938930.731621181,908261.8459321136,6009462.278535884,47
Glarus,Genève,0,1009174.4247908473,5938930.731621181,682782.1127196179,5815843.944762665,1
Zug,Bern,150,950539.9948561124,5968464.518146509,848944.7423005573,5913827.7381231645,177
Zug,Lucerne,746,950539.9948561124,5968464.518146509,903672.1954563438,5953394.299862124,679
Zug,Uri,29,950539.9948561124,5968464.518146509,960415.8152588962,5905544.698186653,29
Zug,Schwyz,392,950539.9948561124,5968464.518146509,975335.8955535906,5952571.893657682,381
Zug,Obwalden,31,950539.9948561124,5968464.518146509,917704.7625825251,5918015.449310717,30
Zug,Nidwalden,23,950539.9948561124,5968464.518146509,936302.604938463,5930028.001069414,61
Zug,Glarus,10,950539.9948561124,5968464.518146509,1009174.4247908473,5938930.731621181,6
Zug,Fribourg,18,950539.9948561124,5968464.518146509,787775.0023574454,5896584.549930366,30
Zug,Solothurn,65,950539.9948561124,5968464.518146509,850869.423476224,5992406.640604626,54
Zug,Basel-Stadt,51,950539.9948561124,5968464.518146509,847705.9893533889,6034965.4912480395,73
Zug,Basel-Landschaft,52,950539.9948561124,5968464.518146509,857882.2967038036,6016706.592630512,57
Zug,Schaffhausen,16,950539.9948561124,5968464.518146509,956268.4487359578,6060289.10004496,18
Zug,Appenzell Ausserrhoden,12,950539.9948561124,5968464.518146509,1043208.5052783317,6002313.718501874,8
Zug,Appenzell Innerrhoden,2,950539.9948561124,5968464.518146509,1048263.5628800367,5994104.9908182565,2
Zug,Sankt Gallen,67,950539.9948561124,5968464.518146509,1031682.3458421695,5979640.490512004,130
Zug,Graubünden,41,950539.9948561124,5968464.518146509,1071947.3477250743,5886586.387826267,41
Zug,Aargau,537,950539.9948561124,5968464.518146509,908261.8459321136,6009462.278535884,415
Zug,Thurgau,31,950539.9948561124,5968464.518146509,1014401.9688154717,6035170.849313236,40
Zug,Ticino,64,950539.9948561124,5968464.518146509,980531.5751880938,5828370.216423506,57
Zug,Vaud,67,950539.9948561124,5968464.518146509,741259.7292966436,5872564.267621975,112
Zug,Valais,24,950539.9948561124,5968464.518146509,847350.381217968,5814446.772378747,33
Zug,Neuchâtel,3,950539.9948561124,5968464.518146509,755015.2603519754,5941653.985079498,11
Zug,Genève,18,950539.9948561124,5968464.518146509,682782.1127196179,5815843.944762665,79
Zug,Jura,5,950539.9948561124,5968464.518146509,796768.7545341233,5999875.050249346,1
Fribourg,Bern,1522,787775.0023574454,5896584.549930366,848944.7423005573,5913827.7381231645,1353
Fribourg,Basel-Stadt,47,787775.0023574454,5896584.549930366,847705.9893533889,6034965.4912480395,44
Fribourg,Basel-Landschaft,18,787775.0023574454,5896584.549930366,857882.2967038036,6016706.592630512,31
Fribourg,Appenzell Ausserrhoden,2,787775.0023574454,5896584.549930366,1043208.5052783317,6002313.718501874,1
Fribourg,Appenzell Innerrhoden,0,787775.0023574454,5896584.549930366,1048263.5628800367,5994104.9908182565,1
Fribourg,Aargau,101,787775.0023574454,5896584.549930366,908261.8459321136,6009462.278535884,62
Solothurn,Bern,2197,850869.423476224,5992406.640604626,848944.7423005573,5913827.7381231645,2405
Solothurn,Lucerne,321,850869.423476224,5992406.640604626,903672.1954563438,5953394.299862124,331
Solothurn,Schwyz,71,850869.423476224,5992406.640604626,975335.8955535906,5952571.893657682,56
Solothurn,Obwalden,15,850869.423476224,5992406.640604626,917704.7625825251,5918015.449310717,19
Solothurn,Nidwalden,16,850869.423476224,5992406.640604626,936302.604938463,5930028.001069414,14
Solothurn,Glarus,7,850869.423476224,5992406.640604626,1009174.4247908473,5938930.731621181,29
Solothurn,Fribourg,78,850869.423476224,5992406.640604626,787775.0023574454,5896584.549930366,69
Solothurn,Basel-Stadt,438,850869.423476224,5992406.640604626,847705.9893533889,6034965.4912480395,393
Solothurn,Basel-Landschaft,992,850869.423476224,5992406.640604626,857882.2967038036,6016706.592630512,1200
Solothurn,Schaffhausen,24,850869.423476224,5992406.640604626,956268.4487359578,6060289.10004496,24
Solothurn,Appenzell Ausserrhoden,8,850869.423476224,5992406.640604626,1043208.5052783317,6002313.718501874,9
Solothurn,Appenzell Innerrhoden,1,850869.423476224,5992406.640604626,1048263.5628800367,5994104.9908182565,1
Solothurn,Sankt Gallen,77,850869.423476224,5992406.640604626,1031682.3458421695,5979640.490512004,142
Solothurn,Graubünden,68,850869.423476224,5992406.640604626,1071947.3477250743,5886586.387826267,72
Solothurn,Aargau,1470,850869.423476224,5992406.640604626,908261.8459321136,6009462.278535884,1609
Solothurn,Neuchâtel,17,850869.423476224,5992406.640604626,755015.2603519754,5941653.985079498,34
Solothurn,Genève,13,850869.423476224,5992406.640604626,682782.1127196179,5815843.944762665,19
Solothurn,Jura,28,850869.423476224,5992406.640604626,796768.7545341233,5999875.050249346,22
Basel-Stadt,Basel-Landschaft,3926,847705.9893533889,6034965.4912480395,857882.2967038036,6016706.592630512,2447
Basel-Stadt,Appenzell Ausserrhoden,11,847705.9893533889,6034965.4912480395,1043208.5052783317,6002313.718501874,13
Basel-Stadt,Appenzell Innerrhoden,3,847705.9893533889,6034965.4912480395,1048263.5628800367,5994104.9908182565,4
Basel-Stadt,Aargau,625,847705.9893533889,6034965.4912480395,908261.8459321136,6009462.278535884,613
Basel-Landschaft,Appenzell Ausserrhoden,11,857882.2967038036,6016706.592630512,1043208.5052783317,6002313.718501874,16
Basel-Landschaft,Appenzell Innerrhoden,1,857882.2967038036,6016706.592630512,1048263.5628800367,5994104.9908182565,1
Basel-Landschaft,Aargau,1160,857882.2967038036,6016706.592630512,908261.8459321136,6009462.278535884,1021
Schaffhausen,Bern,75,956268.4487359578,6060289.10004496,848944.7423005573,5913827.7381231645,52
Schaffhausen,Lucerne,33,956268.4487359578,6060289.10004496,903672.1954563438,5953394.299862124,41
Schaffhausen,Obwalden,1,956268.4487359578,6060289.10004496,917704.7625825251,5918015.449310717,1
Schaffhausen,Nidwalden,2,956268.4487359578,6060289.10004496,936302.604938463,5930028.001069414,4
Schaffhausen,Glarus,6,956268.4487359578,6060289.10004496,1009174.4247908473,5938930.731621181,9
Schaffhausen,Fribourg,7,956268.4487359578,6060289.10004496,787775.0023574454,5896584.549930366,3
Schaffhausen,Basel-Stadt,24,956268.4487359578,6060289.10004496,847705.9893533889,6034965.4912480395,27
Schaffhausen,Basel-Landschaft,23,956268.4487359578,6060289.10004496,857882.2967038036,6016706.592630512,16
Schaffhausen,Appenzell Ausserrhoden,28,956268.4487359578,6060289.10004496,1043208.5052783317,6002313.718501874,10
Schaffhausen,Appenzell Innerrhoden,1,956268.4487359578,6060289.10004496,1048263.5628800367,5994104.9908182565,2
Schaffhausen,Sankt Gallen,66,956268.4487359578,6060289.10004496,1031682.3458421695,5979640.490512004,91
Schaffhausen,Graubünden,35,956268.4487359578,6060289.10004496,1071947.3477250743,5886586.387826267,49
Schaffhausen,Aargau,103,956268.4487359578,6060289.10004496,908261.8459321136,6009462.278535884,128
Schaffhausen,Neuchâtel,4,956268.4487359578,6060289.10004496,755015.2603519754,5941653.985079498,0
Schaffhausen,Genève,7,956268.4487359578,6060289.10004496,682782.1127196179,5815843.944762665,5
Schaffhausen,Jura,0,956268.4487359578,6060289.10004496,796768.7545341233,5999875.050249346,2
Appenzell Ausserrhoden,Aargau,49,1043208.5052783317,6002313.718501874,908261.8459321136,6009462.278535884,37
Appenzell Innerrhoden,Appenzell Ausserrhoden,115,1048263.5628800367,5994104.9908182565,1043208.5052783317,6002313.718501874,105
Appenzell Innerrhoden,Aargau,9,1048263.5628800367,5994104.9908182565,908261.8459321136,6009462.278535884,6
Sankt Gallen,Bern,443,1031682.3458421695,5979640.490512004,848944.7423005573,5913827.7381231645,314
Sankt Gallen,Lucerne,242,1031682.3458421695,5979640.490512004,903672.1954563438,5953394.299862124,204
Sankt Gallen,Obwalden,19,1031682.3458421695,5979640.490512004,917704.7625825251,5918015.449310717,11
Sankt Gallen,Nidwalden,24,1031682.3458421695,5979640.490512004,936302.604938463,5930028.001069414,18
Sankt Gallen,Glarus,272,1031682.3458421695,5979640.490512004,1009174.4247908473,5938930.731621181,301
Sankt Gallen,Fribourg,47,1031682.3458421695,5979640.490512004,787775.0023574454,5896584.549930366,34
Sankt Gallen,Basel-Stadt,111,1031682.3458421695,5979640.490512004,847705.9893533889,6034965.4912480395,59
Sankt Gallen,Basel-Landschaft,96,1031682.3458421695,5979640.490512004,857882.2967038036,6016706.592630512,61
Sankt Gallen,Appenzell Ausserrhoden,1441,1031682.3458421695,5979640.490512004,1043208.5052783317,6002313.718501874,1334
Sankt Gallen,Appenzell Innerrhoden,174,1031682.3458421695,5979640.490512004,1048263.5628800367,5994104.9908182565,164
Sankt Gallen,Graubünden,775,1031682.3458421695,5979640.490512004,1071947.3477250743,5886586.387826267,825
Sankt Gallen,Aargau,430,1031682.3458421695,5979640.490512004,908261.8459321136,6009462.278535884,405
Sankt Gallen,Neuchâtel,12,1031682.3458421695,5979640.490512004,755015.2603519754,5941653.985079498,10
Sankt Gallen,Genève,32,1031682.3458421695,5979640.490512004,682782.1127196179,5815843.944762665,26
Sankt Gallen,Jura,6,1031682.3458421695,5979640.490512004,796768.7545341233,5999875.050249346,5
Graubünden,Bern,365,1071947.3477250743,5886586.387826267,848944.7423005573,5913827.7381231645,290
Graubünden,Glarus,47,1071947.3477250743,5886586.387826267,1009174.4247908473,5938930.731621181,60
Graubünden,Fribourg,26,1071947.3477250743,5886586.387826267,787775.0023574454,5896584.549930366,18
Graubünden,Basel-Stadt,84,1071947.3477250743,5886586.387826267,847705.9893533889,6034965.4912480395,72
Graubünden,Basel-Landschaft,55,1071947.3477250743,5886586.387826267,857882.2967038036,6016706.592630512,71
Graubünden,Appenzell Ausserrhoden,49,1071947.3477250743,5886586.387826267,1043208.5052783317,6002313.718501874,29
Graubünden,Appenzell Innerrhoden,26,1071947.3477250743,5886586.387826267,1048263.5628800367,5994104.9908182565,14
Graubünden,Aargau,277,1071947.3477250743,5886586.387826267,908261.8459321136,6009462.278535884,223
Graubünden,Genève,12,1071947.3477250743,5886586.387826267,682782.1127196179,5815843.944762665,10
Thurgau,Bern,278,1014401.9688154717,6035170.849313236,848944.7423005573,5913827.7381231645,198
Thurgau,Lucerne,102,1014401.9688154717,6035170.849313236,903672.1954563438,5953394.299862124,90
Thurgau,Schwyz,99,1014401.9688154717,6035170.849313236,975335.8955535906,5952571.893657682,94
Thurgau,Obwalden,3,1014401.9688154717,6035170.849313236,917704.7625825251,5918015.449310717,5
Thurgau,Nidwalden,6,1014401.9688154717,6035170.849313236,936302.604938463,5930028.001069414,13
Thurgau,Glarus,22,1014401.9688154717,6035170.849313236,1009174.4247908473,5938930.731621181,30
Thurgau,Fribourg,26,1014401.9688154717,6035170.849313236,787775.0023574454,5896584.549930366,18
Thurgau,Solothurn,80,1014401.9688154717,6035170.849313236,850869.423476224,5992406.640604626,65
Thurgau,Basel-Stadt,48,1014401.9688154717,6035170.849313236,847705.9893533889,6034965.4912480395,29
Thurgau,Basel-Landschaft,51,1014401.9688154717,6035170.849313236,857882.2967038036,6016706.592630512,42
Thurgau,Schaffhausen,366,1014401.9688154717,6035170.849313236,956268.4487359578,6060289.10004496,303
Thurgau,Appenzell Ausserrhoden,176,1014401.9688154717,6035170.849313236,1043208.5052783317,6002313.718501874,215
Thurgau,Appenzell Innerrhoden,22,1014401.9688154717,6035170.849313236,1048263.5628800367,5994104.9908182565,32
Thurgau,Sankt Gallen,2061,1014401.9688154717,6035170.849313236,1031682.3458421695,5979640.490512004,2549
Thurgau,Graubünden,132,1014401.9688154717,6035170.849313236,1071947.3477250743,5886586.387826267,155
Thurgau,Aargau,256,1014401.9688154717,6035170.849313236,908261.8459321136,6009462.278535884,274
Thurgau,Neuchâtel,6,1014401.9688154717,6035170.849313236,755015.2603519754,5941653.985079498,1
Thurgau,Genève,21,1014401.9688154717,6035170.849313236,682782.1127196179,5815843.944762665,6
Thurgau,Jura,3,1014401.9688154717,6035170.849313236,796768.7545341233,5999875.050249346,5
Ticino,Bern,230,980531.5751880938,5828370.216423506,848944.7423005573,5913827.7381231645,148
Ticino,Lucerne,130,980531.5751880938,5828370.216423506,903672.1954563438,5953394.299862124,88
Ticino,Schwyz,38,980531.5751880938,5828370.216423506,975335.8955535906,5952571.893657682,43
Ticino,Obwalden,6,980531.5751880938,5828370.216423506,917704.7625825251,5918015.449310717,9
Ticino,Nidwalden,10,980531.5751880938,5828370.216423506,936302.604938463,5930028.001069414,6
Ticino,Glarus,16,980531.5751880938,5828370.216423506,1009174.4247908473,5938930.731621181,11
Ticino,Fribourg,84,980531.5751880938,5828370.216423506,787775.0023574454,5896584.549930366,45
Ticino,Solothurn,39,980531.5751880938,5828370.216423506,850869.423476224,5992406.640604626,35
Ticino,Basel-Stadt,58,980531.5751880938,5828370.216423506,847705.9893533889,6034965.4912480395,66
Ticino,Basel-Landschaft,56,980531.5751880938,5828370.216423506,857882.2967038036,6016706.592630512,34
Ticino,Schaffhausen,12,980531.5751880938,5828370.216423506,956268.4487359578,6060289.10004496,6
Ticino,Appenzell Ausserrhoden,8,980531.5751880938,5828370.216423506,1043208.5052783317,6002313.718501874,8
Ticino,Appenzell Innerrhoden,4,980531.5751880938,5828370.216423506,1048263.5628800367,5994104.9908182565,5
Ticino,Sankt Gallen,92,980531.5751880938,5828370.216423506,1031682.3458421695,5979640.490512004,98
Ticino,Graubünden,333,980531.5751880938,5828370.216423506,1071947.3477250743,5886586.387826267,321
Ticino,Aargau,174,980531.5751880938,5828370.216423506,908261.8459321136,6009462.278535884,146
Ticino,Thurgau,46,980531.5751880938,5828370.216423506,1014401.9688154717,6035170.849313236,19
Ticino,Neuchâtel,48,980531.5751880938,5828370.216423506,755015.2603519754,5941653.985079498,48
Ticino,Genève,79,980531.5751880938,5828370.216423506,682782.1127196179,5815843.944762665,81
Ticino,Jura,5,980531.5751880938,5828370.216423506,796768.7545341233,5999875.050249346,3
Vaud,Bern,690,741259.7292966436,5872564.267621975,848944.7423005573,5913827.7381231645,658
Vaud,Lucerne,80,741259.7292966436,5872564.267621975,903672.1954563438,5953394.299862124,44
Vaud,Uri,5,741259.7292966436,5872564.267621975,960415.8152588962,5905544.698186653,1
Vaud,Schwyz,55,741259.7292966436,5872564.267621975,975335.8955535906,5952571.893657682,53
Vaud,Obwalden,10,741259.7292966436,5872564.267621975,917704.7625825251,5918015.449310717,3
Vaud,Nidwalden,4,741259.7292966436,5872564.267621975,936302.604938463,5930028.001069414,7
Vaud,Glarus,4,741259.7292966436,5872564.267621975,1009174.4247908473,5938930.731621181,4
Vaud,Fribourg,3221,741259.7292966436,5872564.267621975,787775.0023574454,5896584.549930366,2178
Vaud,Solothurn,51,741259.7292966436,5872564.267621975,850869.423476224,5992406.640604626,50
Vaud,Basel-Stadt,121,741259.7292966436,5872564.267621975,847705.9893533889,6034965.4912480395,86
Vaud,Basel-Landschaft,71,741259.7292966436,5872564.267621975,857882.2967038036,6016706.592630512,57
Vaud,Schaffhausen,13,741259.7292966436,5872564.267621975,956268.4487359578,6060289.10004496,10
Vaud,Appenzell Ausserrhoden,6,741259.7292966436,5872564.267621975,1043208.5052783317,6002313.718501874,11
Vaud,Appenzell Innerrhoden,1,741259.7292966436,5872564.267621975,1048263.5628800367,5994104.9908182565,0
Vaud,Sankt Gallen,70,741259.7292966436,5872564.267621975,1031682.3458421695,5979640.490512004,72
Vaud,Graubünden,44,741259.7292966436,5872564.267621975,1071947.3477250743,5886586.387826267,31
Vaud,Aargau,98,741259.7292966436,5872564.267621975,908261.8459321136,6009462.278535884,119
Vaud,Thurgau,17,741259.7292966436,5872564.267621975,1014401.9688154717,6035170.849313236,23
Vaud,Ticino,178,741259.7292966436,5872564.267621975,980531.5751880938,5828370.216423506,265
Vaud,Valais,2391,741259.7292966436,5872564.267621975,847350.381217968,5814446.772378747,1652
Vaud,Neuchâtel,867,741259.7292966436,5872564.267621975,755015.2603519754,5941653.985079498,1087
Vaud,Genève,1656,741259.7292966436,5872564.267621975,682782.1127196179,5815843.944762665,2619
Vaud,Jura,151,741259.7292966436,5872564.267621975,796768.7545341233,5999875.050249346,217
Valais,Bern,584,847350.381217968,5814446.772378747,848944.7423005573,5913827.7381231645,422
Valais,Lucerne,136,847350.381217968,5814446.772378747,903672.1954563438,5953394.299862124,156
Valais,Uri,5,847350.381217968,5814446.772378747,960415.8152588962,5905544.698186653,16
Valais,Schwyz,38,847350.381217968,5814446.772378747,975335.8955535906,5952571.893657682,23
Valais,Obwalden,22,847350.381217968,5814446.772378747,917704.7625825251,5918015.449310717,4
Valais,Nidwalden,18,847350.381217968,5814446.772378747,936302.604938463,5930028.001069414,8
Valais,Glarus,9,847350.381217968,5814446.772378747,1009174.4247908473,5938930.731621181,8
Valais,Fribourg,399,847350.381217968,5814446.772378747,787775.0023574454,5896584.549930366,391
Valais,Solothurn,80,847350.381217968,5814446.772378747,850869.423476224,5992406.640604626,63
Valais,Basel-Stadt,55,847350.381217968,5814446.772378747,847705.9893533889,6034965.4912480395,37
Valais,Basel-Landschaft,31,847350.381217968,5814446.772378747,857882.2967038036,6016706.592630512,39
Valais,Schaffhausen,7,847350.381217968,5814446.772378747,956268.4487359578,6060289.10004496,5
Valais,Appenzell Ausserrhoden,9,847350.381217968,5814446.772378747,1043208.5052783317,6002313.718501874,8
Valais,Appenzell Innerrhoden,2,847350.381217968,5814446.772378747,1048263.5628800367,5994104.9908182565,2
Valais,Sankt Gallen,48,847350.381217968,5814446.772378747,1031682.3458421695,5979640.490512004,65
Valais,Graubünden,49,847350.381217968,5814446.772378747,1071947.3477250743,5886586.387826267,42
Valais,Aargau,114,847350.381217968,5814446.772378747,908261.8459321136,6009462.278535884,94
Valais,Thurgau,32,847350.381217968,5814446.772378747,1014401.9688154717,6035170.849313236,13
Valais,Ticino,66,847350.381217968,5814446.772378747,980531.5751880938,5828370.216423506,88
Valais,Neuchâtel,153,847350.381217968,5814446.772378747,755015.2603519754,5941653.985079498,203
Valais,Genève,282,847350.381217968,5814446.772378747,682782.1127196179,5815843.944762665,511
Valais,Jura,60,847350.381217968,5814446.772378747,796768.7545341233,5999875.050249346,61
Neuchâtel,Bern,889,755015.2603519754,5941653.985079498,848944.7423005573,5913827.7381231645,561
Neuchâtel,Lucerne,16,755015.2603519754,5941653.985079498,903672.1954563438,5953394.299862124,7
Neuchâtel,Glarus,1,755015.2603519754,5941653.985079498,1009174.4247908473,5938930.731621181,0
Neuchâtel,Fribourg,461,755015.2603519754,5941653.985079498,787775.0023574454,5896584.549930366,231
Neuchâtel,Basel-Stadt,30,755015.2603519754,5941653.985079498,847705.9893533889,6034965.4912480395,39
Neuchâtel,Basel-Landschaft,9,755015.2603519754,5941653.985079498,857882.2967038036,6016706.592630512,3
Neuchâtel,Appenzell Ausserrhoden,2,755015.2603519754,5941653.985079498,1043208.5052783317,6002313.718501874,2
Neuchâtel,Appenzell Innerrhoden,0,755015.2603519754,5941653.985079498,1048263.5628800367,5994104.9908182565,0
Neuchâtel,Graubünden,3,755015.2603519754,5941653.985079498,1071947.3477250743,5886586.387826267,2
Neuchâtel,Aargau,20,755015.2603519754,5941653.985079498,908261.8459321136,6009462.278535884,22
Neuchâtel,Genève,148,755015.2603519754,5941653.985079498,682782.1127196179,5815843.944762665,177
Neuchâtel,Jura,202,755015.2603519754,5941653.985079498,796768.7545341233,5999875.050249346,181
Genève,Bern,190,682782.1127196179,5815843.944762665,848944.7423005573,5913827.7381231645,156
Genève,Fribourg,242,682782.1127196179,5815843.944762665,787775.0023574454,5896584.549930366,164
Genève,Basel-Stadt,59,682782.1127196179,5815843.944762665,847705.9893533889,6034965.4912480395,52
Genève,Basel-Landschaft,19,682782.1127196179,5815843.944762665,857882.2967038036,6016706.592630512,10
Genève,Appenzell Ausserrhoden,1,682782.1127196179,5815843.944762665,1043208.5052783317,6002313.718501874,3
Genève,Appenzell Innerrhoden,0,682782.1127196179,5815843.944762665,1048263.5628800367,5994104.9908182565,0
Genève,Aargau,32,682782.1127196179,5815843.944762665,908261.8459321136,6009462.278535884,41
Jura,Bern,353,796768.7545341233,5999875.050249346,848944.7423005573,5913827.7381231645,447
Jura,Glarus,0,796768.7545341233,5999875.050249346,1009174.4247908473,5938930.731621181,0
Jura,Fribourg,90,796768.7545341233,5999875.050249346,787775.0023574454,5896584.549930366,52
Jura,Basel-Stadt,38,796768.7545341233,5999875.050249346,847705.9893533889,6034965.4912480395,46
Jura,Basel-Landschaft,58,796768.7545341233,5999875.050249346,857882.2967038036,6016706.592630512,62
Jura,Appenzell Ausserrhoden,1,796768.7545341233,5999875.050249346,1043208.5052783317,6002313.718501874,2
Jura,Appenzell Innerrhoden,0,796768.7545341233,5999875.050249346,1048263.5628800367,5994104.9908182565,0
Jura,Graubünden,0,796768.7545341233,5999875.050249346,1071947.3477250743,5886586.387826267,2
Jura,Aargau,19,796768.7545341233,5999875.050249346,908261.8459321136,6009462.278535884,19
Jura,Genève,42,796768.7545341233,5999875.050249346,682782.1127196179,5815843.944762665,45
